courier_id,name,vehicle_type
1,Поляков Илья Евгеньевич,Велосипед
2,Семёнова Ирина Игоревна,Пешком
3,Островская Елена Михайловна,Пешком
4,Сергеев Николай Владимирович,Пешком
5,Сергеева Людмила Владимировна,Электросамокат
6,Никитина Анна Ивановна,Автомобиль
7,Данилова Марина Владимировна,Велосипед
8,Новицкий Николай Олегович,Пешком
9,Захарова Анастасия Алексеевна,Пешком
10,Королёва Екатерина Петровна,Пешком
11,Полякова Ольга Дмитриевна,Автомобиль
12,Михайлова Марина Максимовна,Электросамокат
13,Комаров Артём Андреевич,Велосипед
14,Пономарёва Алёна Евгеньевна,Велосипед
15,Кузнецов Максим Олегович,Велосипед
16,Орлов Игорь Владимирович,Электросамокат
17,Соболев Юрий Андреевич,Электросамокат
18,Котова Лариса Игоревна,Электросамокат
19,Яковлев Фёдор Андреевич,Велосипед
20,Ильин Глеб Дмитриевич,Велосипед
21,Кузьмина Ирина Ивановна,Пешком
22,Ершов Артём Максимович,Пешком
23,Сергеев Константин Михайлович,Велосипед
24,Петрова Валерия Николаевна,Велосипед
25,Сорокин Илья Петрович,Электросамокат
26,Ильина Евгения Алексеевна,Пешком
27,Никитин Виктор Евгеньевич,Велосипед
28,Шевченко Антон Александрович,Электросамокат
29,Островская Ксения Александровна,Велосипед
30,Королёв Юрий Викторович,Велосипед
31,Андреева Валерия Михайловна,Электросамокат
32,Кузьмин Егор Сергеевич,Пешком
33,Зайцев Глеб Павлович,Пешком
34,Климович Ольга Михайловна,Пешком
35,Максимова Елена Павловна,Пешком
36,Максимова Юлия Андреевна,Пешком
37,Орлова Вера Петровна,Велосипед
38,Орлова Алина Сергеевна,Пешком
39,Максимова Людмила Алексеевна,Велосипед
40,Сергеева Мария Ивановна,Велосипед
41,Никитина Юлия Петровна,Пешком
42,Алексеев Станислав Игоревич,Велосипед
43,Кузьмин Тимофей Петрович,Велосипед
44,Пономарёв Михаил Сергеевич,Пешком
45,Журавлёва Евгения Игоревна,Автомобиль
46,Киселёв Иван Алексеевич,Автомобиль
47,Журавлёв Артём Дмитриевич,Велосипед
48,Фёдорова Елена Викторовна,Велосипед
49,Гусева Евгения Игоревна,Пешком
50,Лукашевич Алексей Максимович,Велосипед
51,Новицкая Валерия Ивановна,Автомобиль
52,Ковалевский Кирилл Викторович,Велосипед
53,Комаров Евгений Дмитриевич,Электросамокат
54,Крылова Юлия Николаевна,Электросамокат
55,Климович Ирина Александровна,Автомобиль
56,Котов Юрий Викторович,Электросамокат
57,Петров Никита Сергеевич,Электросамокат
58,Полякова Алёна Алексеевна,Велосипед
59,Рогов Виктор Иванович,Электросамокат
60,Данилов Олег Викторович,Велосипед
61,Воробьёв Кирилл Алексеевич,Пешком
62,Цветков Даниил Иванович,Электросамокат
63,Лебедева Лариса Игоревна,Автомобиль
64,Куликова Светлана Андреевна,Автомобиль
65,Пономарёв Евгений Алексеевич,Велосипед
66,Кудрявцева Алёна Андреевна,Электросамокат
67,Никитин Денис Николаевич,Пешком
68,Фёдоров Фёдор Петрович,Электросамокат
69,Королёва Наталья Викторовна,Велосипед
70,Григорьев Сергей Дмитриевич,Автомобиль
71,Пономарёва Светлана Дмитриевна,Автомобиль
72,Тарасов Антон Евгеньевич,Пешком
73,Белова Виктория Владимировна,Велосипед
74,Михайлов Алексей Александрович,Пешком
75,Баранов Александр Игоревич,Пешком
76,Борисова Полина Евгеньевна,Велосипед
77,Андреев Фёдор Дмитриевич,Пешком
78,Гусев Владимир Владимирович,Электросамокат
79,Тарасов Олег Сергеевич,Электросамокат
80,Богданов Кирилл Михайлович,Велосипед
81,Лазарев Андрей Иванович,Электросамокат
82,Журавлёва Светлана Викторовна,Электросамокат
83,Тарасов Станислав Павлович,Автомобиль
84,Максимова Людмила Сергеевна,Автомобиль
85,Захаров Олег Александрович,Велосипед
86,Зайцев Егор Сергеевич,Автомобиль
87,Андреева Ольга Николаевна,Автомобиль
88,Иванова Ирина Алексеевна,Электросамокат
89,Сидоров Ярослав Олегович,Велосипед
90,Киселёва Алёна Алексеевна,Велосипед
91,Кудрявцев Владимир Александрович,Электросамокат
92,Фролова Юлия Алексеевна,Пешком
93,Новиков Даниил Иванович,Велосипед
94,Крылова Дарья Михайловна,Велосипед
95,Воробьёва Ольга Евгеньевна,Электросамокат
96,Новиков Виктор Андреевич,Электросамокат
97,Никитин Илья Викторович,Автомобиль
98,Данилова Виктория Петровна,Электросамокат
99,Королёва Валерия Юрьевна,Электросамокат
100,Козлов Юрий Олегович,Велосипед
101,Козлов Виктор Алексеевич,Велосипед
102,Ильина Алина Павловна,Пешком
103,Кудрявцев Николай Николаевич,Велосипед
104,Рогов Станислав Игоревич,Электросамокат
105,Тарасов Артём Андреевич,Электросамокат
106,Павлов Олег Юрьевич,Автомобиль
107,Новицкий Кирилл Иванович,Пешком
108,Волкова Полина Александровна,Пешком
109,Петров Артём Викторович,Пешком
110,Титов Ярослав Евгеньевич,Пешком
111,Ильин Михаил Алексеевич,Электросамокат
112,Герасимова Полина Дмитриевна,Велосипед
113,Шевченко Евгения Ивановна,Велосипед
114,Климович Юрий Юрьевич,Велосипед
115,Тарасова Марина Алексеевна,Автомобиль
116,Котов Артём Максимович,Велосипед
117,Пономарёва Светлана Сергеевна,Пешком
118,Попов Руслан Павлович,Автомобиль
119,Климович Даниил Сергеевич,Велосипед
120,Новикова Лариса Андреевна,Автомобиль
121,Борисова Екатерина Павловна,Пешком
122,Жуков Кирилл Юрьевич,Автомобиль
123,Фёдоров Юрий Дмитриевич,Велосипед
124,Беляева Светлана Игоревна,Велосипед
125,Куликов Глеб Максимович,Велосипед
126,Шевченко Ярослав Игоревич,Электросамокат
127,Воробьёва Елена Владимировна,Велосипед
128,Лазарева Надежда Юрьевна,Автомобиль
129,Кудрявцева Наталья Юрьевна,Пешком
130,Козлова Ксения Евгеньевна,Электросамокат
131,Соболева Ирина Павловна,Велосипед
132,Николаева Ирина Евгеньевна,Электросамокат
133,Захаров Станислав Павлович,Электросамокат
134,Зайцева Екатерина Максимовна,Автомобиль
135,Волков Даниил Иванович,Велосипед
136,Титова Евгения Андреевна,Велосипед
137,Степанова Валерия Николаевна,Пешком
138,Сергеев Евгений Дмитриевич,Электросамокат
139,Фёдоров Антон Викторович,Электросамокат
140,Степанова Алина Викторовна,Пешком
141,Белова Надежда Юрьевна,Пешком
142,Ершова Алина Алексеевна,Автомобиль
143,Фролов Константин Павлович,Пешком
144,Григорьева Ольга Петровна,Велосипед
145,Иванова Надежда Александровна,Пешком
146,Рогова Ирина Михайловна,Автомобиль
147,Петрова Валерия Максимовна,Пешком
148,Рогов Фёдор Евгеньевич,Автомобиль
149,Сидоров Сергей Николаевич,Пешком
150,Яковлева Марина Евгеньевна,Автомобиль
151,Лебедева Алина Ивановна,Электросамокат
152,Соколова Александра Ивановна,Пешком
153,Ершова Дарья Павловна,Велосипед
154,Рябов Владимир Михайлович,Велосипед
155,Козлов Станислав Евгеньевич,Пешком
156,Котов Виктор Сергеевич,Автомобиль
157,Орлов Даниил Павлович,Автомобиль
158,Комаров Ярослав Сергеевич,Электросамокат
159,Белов Сергей Олегович,Пешком
160,Баранова Валерия Евгеньевна,Пешком
161,Зайцева Екатерина Павловна,Велосипед
162,Титова Ксения Дмитриевна,Электросамокат
163,Богданов Никита Владимирович,Электросамокат
164,Смирнова Татьяна Ивановна,Пешком
165,Андреев Станислав Юрьевич,Велосипед
166,Медведев Ярослав Максимович,Автомобиль
167,Цветков Алексей Евгеньевич,Велосипед
168,Макарова Вера Ивановна,Автомобиль
169,Орлова Людмила Владимировна,Велосипед
170,Жукова Алёна Николаевна,Пешком
171,Ершов Дмитрий Дмитриевич,Электросамокат
172,Николаев Владимир Максимович,Велосипед
173,Лукашевич Фёдор Евгеньевич,Автомобиль
174,Николаева Алёна Дмитриевна,Автомобиль
175,Климович Анна Юрьевна,Автомобиль
176,Гусева Валерия Дмитриевна,Электросамокат
177,Ильин Артём Алексеевич,Велосипед
178,Орлов Константин Евгеньевич,Электросамокат
179,Воробьёва Евгения Максимовна,Электросамокат
180,Поляков Фёдор Алексеевич,Пешком
181,Соболева Виктория Дмитриевна,Пешком
182,Фролов Кирилл Андреевич,Пешком
183,Зайцева Мария Игоревна,Автомобиль
184,Алексеева Марина Олеговна,Пешком
185,Богданов Руслан Юрьевич,Автомобиль
186,Мельник Валерия Евгеньевна,Электросамокат
187,Беляева Ксения Петровна,Электросамокат
188,Морозова Ольга Викторовна,Пешком
189,Захарова София Павловна,Автомобиль
190,Шевченко Михаил Максимович,Электросамокат
191,Лукашевич Никита Олегович,Велосипед
192,Соколов Станислав Олегович,Пешком
193,Орлова Марина Максимовна,Электросамокат
194,Волков Юрий Владимирович,Велосипед
195,Комарова Анастасия Игоревна,Автомобиль
196,Сорокина Евгения Петровна,Пешком
197,Тарасова Анастасия Юрьевна,Электросамокат
198,Кузнецов Андрей Сергеевич,Автомобиль
199,Степанов Игорь Викторович,Велосипед
200,Смирнов Глеб Михайлович,Автомобиль
201,Воробьёв Егор Алексеевич,Велосипед
202,Иванова Елена Николаевна,Пешком
203,Соколов Михаил Юрьевич,Велосипед
204,Кузьмин Юрий Александрович,Электросамокат
205,Максимова Полина Николаевна,Автомобиль
206,Данилова Екатерина Юрьевна,Электросамокат
207,Лебедева Дарья Петровна,Электросамокат
208,Сидоров Роман Евгеньевич,Велосипед
209,Киселёва Анастасия Алексеевна,Пешком
210,Григорьев Кирилл Сергеевич,Автомобиль
211,Полякова Елена Сергеевна,Автомобиль
212,Николаев Виктор Максимович,Велосипед
213,Киселёва Марина Юрьевна,Велосипед
214,Зайцева Дарья Александровна,Электросамокат
215,Петрова Валерия Михайловна,Пешком
216,Морозова Мария Александровна,Автомобиль
217,Кузнецов Владимир Сергеевич,Пешком
218,Максимова Милана Николаевна,Пешком
219,Беляев Владимир Сергеевич,Велосипед
220,Николаева Елена Максимовна,Автомобиль
221,Сергеева Ольга Алексеевна,Велосипед
222,Сорокин Глеб Александрович,Электросамокат
223,Кудрявцева Наталья Дмитриевна,Велосипед
224,Журавлёв Олег Олегович,Электросамокат
225,Смирнов Тимофей Андреевич,Электросамокат
226,Соколов Владимир Петрович,Электросамокат
227,Титова Надежда Владимировна,Велосипед
228,Ильина Татьяна Игоревна,Пешком
229,Сергеев Роман Викторович,Велосипед
230,Полякова Валерия Ивановна,Велосипед
231,Борисова Полина Ивановна,Автомобиль
232,Михайлова Алина Александровна,Пешком
233,Орлов Максим Максимович,Велосипед
234,Цветков Илья Павлович,Электросамокат
235,Семёнов Кирилл Сергеевич,Автомобиль
236,Степанов Кирилл Дмитриевич,Электросамокат
237,Сорокина Александра Петровна,Велосипед
238,Цветков Илья Петрович,Автомобиль
239,Соболева Татьяна Юрьевна,Велосипед
240,Баранов Иван Евгеньевич,Пешком
241,Комарова Виктория Петровна,Пешком
242,Андреев Ярослав Максимович,Пешком
243,Гусева Алина Александровна,Велосипед
244,Богданова Ксения Владимировна,Электросамокат
245,Пономарёва Ксения Николаевна,Велосипед
246,Богданова Ирина Андреевна,Электросамокат
247,Григорьева Светлана Ивановна,Автомобиль
248,Цветков Егор Павлович,Электросамокат
249,Островская Юлия Андреевна,Пешком
250,Козлов Андрей Игоревич,Пешком
251,Цветкова Надежда Викторовна,Пешком
252,Соколов Максим Максимович,Велосипед
253,Киселёва Вера Владимировна,Велосипед
254,Зайцев Глеб Юрьевич,Автомобиль
255,Волков Олег Алексеевич,Пешком
256,Зайцева Мария Юрьевна,Автомобиль
257,Смирнов Михаил Павлович,Автомобиль
258,Николаева Алёна Петровна,Пешком
259,Кузнецова Марина Петровна,Электросамокат
260,Ильин Ярослав Викторович,Пешком
261,Никитин Александр Сергеевич,Электросамокат
262,Рогова Ирина Михайловна,Пешком
263,Максимова Ксения Юрьевна,Автомобиль
264,Новиков Тимофей Петрович,Велосипед
265,Рогов Даниил Максимович,Велосипед
266,Лазарев Игорь Евгеньевич,Электросамокат
267,Зайцев Олег Алексеевич,Автомобиль
268,Кудрявцев Алексей Алексеевич,Электросамокат
269,Ковалевская Ольга Евгеньевна,Электросамокат
270,Ильин Сергей Павлович,Электросамокат
271,Павлова Надежда Игоревна,Электросамокат
272,Шевченко Никита Игоревич,Велосипед
273,Новицкая Наталья Владимировна,Велосипед
274,Котов Роман Максимович,Велосипед
275,Новицкий Тимофей Михайлович,Электросамокат
276,Сидоренко Иван Юрьевич,Электросамокат
277,Кудрявцев Игорь Олегович,Велосипед
278,Павлова Мария Михайловна,Электросамокат
279,Герасимов Виктор Сергеевич,Пешком
280,Богданова София Ивановна,Электросамокат
281,Куликова Наталья Сергеевна,Велосипед
282,Лазарева Мария Евгеньевна,Велосипед
283,Новицкая Дарья Андреевна,Велосипед
284,Тарасова Евгения Ивановна,Электросамокат
285,Михайлов Иван Андреевич,Электросамокат
286,Рябов Никита Андреевич,Автомобиль
287,Иванов Роман Петрович,Электросамокат
288,Романова Милана Павловна,Велосипед
289,Полякова Татьяна Викторовна,Велосипед
290,Сергеева Татьяна Петровна,Велосипед
291,Ковалёв Олег Алексеевич,Велосипед
292,Николаев Евгений Владимирович,Пешком
293,Андреева Марина Олеговна,Автомобиль
294,Соболев Иван Дмитриевич,Электросамокат
295,Баранова Марина Олеговна,Велосипед
296,Петрова Ольга Петровна,Электросамокат
297,Сорокина Евгения Алексеевна,Велосипед
298,Смирнова Ксения Александровна,Пешком
299,Климович Алексей Сергеевич,Электросамокат
300,Королёв Павел Игоревич,Велосипед
