restaurant_id,name,cuisine,rating
1,Wok-бар «Тайский базар»,Азиатская,3.9
2,Суши-бар «Самурай»,Суши,3.9
3,Ресторан «Тбилиси»,Грузинская,3.9
4,Wok-бар «Шанхай»,Азиатская,4.1
5,Трактир «Самовар»,Русская,4.7
6,Гриль «Котлета»,Бургеры,3.0
7,Wok-бар «Бангкок»,Азиатская,3.9
8,Wok-бар «Дракон»,Азиатская,4.1
9,Кафе «Старая Москва»,Русская,4.1
10,Суши «Васаби»,Суши,3.8
11,Кафе «Зелёный лист»,Веганская,3.1
12,Гриль «Гриль Хаус»,Бургеры,4.2
13,Ресторан «Рим»,Итальянская,4.9
14,Хинкальная «Тбилиси»,Грузинская,3.2
15,Суши-бар «Нори»,Суши,4.4
16,Пицца «Дон Карлоне»,Пицца,3.8
17,Траттория «Паста Нова»,Итальянская,4.0
18,Столовая «Борщ и компания»,Русская,3.5
19,Ресторан «Кавказ»,Грузинская,3.8
20,"Траттория «Паста Нова», центр",Итальянская,4.7
21,Азия «Бангкок»,Азиатская,4.3
22,Бистро «Свежесть»,Веганская,4.9
23,Гриль «Мясной Двор»,Бургеры,4.6
24,Ресторан «Сулугуни»,Грузинская,4.2
25,Wok-бар «Лапша Хаус»,Азиатская,4.9
26,Пицца «Номер Один»,Пицца,4.2
27,"Суши-бар «Нори», центр",Суши,4.4
28,Кафе «Борщ и компания»,Русская,3.9
29,Пиццерия «Неаполь»,Пицца,4.0
30,"Wok-бар «Дракон», центр",Азиатская,3.7
31,Азия «Тайский базар»,Азиатская,4.5
32,Бургерная «Гриль Хаус»,Бургеры,3.4
33,Кафе «Свежесть»,Веганская,4.4
34,Кафе «Росток»,Веганская,3.9
35,Суши-бар «Васаби»,Суши,4.6
36,Пиццерия «Печь и дрова»,Пицца,4.4
37,Столовая «Хлебосольный двор»,Русская,4.9
38,Суши «Токио»,Суши,4.4
39,Пицца «Печь и дрова»,Пицца,3.2
40,"Wok-бар «Бангкок», центр",Азиатская,4.0
41,"Суши-бар «Самурай», центр",Суши,3.4
42,"Ресторан «Кавказ», центр",Грузинская,3.7
43,"Wok-бар «Лапша Хаус», центр",Азиатская,4.8
44,Кафе «Эко Вкус»,Веганская,4.3
45,"Ресторан «Тбилиси», центр",Грузинская,3.7
46,"Ресторан «Тбилиси», север",Грузинская,3.5
47,"Кафе «Свежесть», центр",Веганская,4.0
48,Бистро «Эко Вкус»,Веганская,3.4
49,"Wok-бар «Лапша Хаус», север",Азиатская,3.7
50,Трактир «Хлебосольный двор»,Русская,4.2
51,"Пицца «Печь и дрова», центр",Пицца,4.6
52,Трактир «Борщ и компания»,Русская,4.3
53,Хинкальная «Генацвале»,Грузинская,3.0
54,Траттория «Бона Сера»,Итальянская,4.2
55,Азия «Лапша Хаус»,Азиатская,4.0
56,"Wok-бар «Бангкок», север",Азиатская,4.2
57,Суши-бар «Токио»,Суши,4.8
58,Траттория «Тоскана»,Итальянская,3.0
59,Кафе «Самовар»,Русская,3.7
60,Трактир «Теремок»,Русская,4.3
61,Азия «Дракон»,Азиатская,3.2
62,Суши «Нори»,Суши,4.7
63,"Траттория «Бона Сера», центр",Итальянская,4.2
64,"Азия «Тайский базар», центр",Азиатская,4.4
65,"Траттория «Тоскана», центр",Итальянская,3.7
66,"Траттория «Тоскана», север",Итальянская,4.4
67,Ресторан «Бона Сера»,Итальянская,4.5
68,"Кафе «Зелёный лист», центр",Веганская,4.1
69,"Столовая «Борщ и компания», центр",Русская,4.1
70,Суши-бар «Сакура»,Суши,4.1
71,"Пицца «Дон Карлоне», центр",Пицца,3.6
72,"Кафе «Свежесть», север",Веганская,3.9
73,Ресторан «Чурчхела»,Грузинская,3.9
74,"Пиццерия «Неаполь», центр",Пицца,4.2
75,"Столовая «Хлебосольный двор», центр",Русская,4.5
76,Пицца «Неаполь»,Пицца,3.5
77,"Кафе «Зелёный лист», север",Веганская,3.9
78,Ресторан «Венеция»,Итальянская,4.7
79,"Траттория «Тоскана», юг",Итальянская,3.6
80,"Азия «Лапша Хаус», центр",Азиатская,3.6
81,"Ресторан «Бона Сера», центр",Итальянская,4.1
82,"Бистро «Свежесть», центр",Веганская,4.4
83,Хинкальная «Сулугуни»,Грузинская,4.0
84,Пиццерия «Маргарита»,Пицца,4.7
85,"Трактир «Борщ и компания», центр",Русская,4.4
86,"Кафе «Борщ и компания», центр",Русская,4.4
87,"Wok-бар «Шанхай», центр",Азиатская,4.3
88,"Суши «Васаби», центр",Суши,5.0
89,"Пицца «Номер Один», центр",Пицца,3.9
90,"Суши «Токио», центр",Суши,3.0
91,"Пиццерия «Неаполь», север",Пицца,4.8
92,"Wok-бар «Дракон», север",Азиатская,3.8
93,"Суши-бар «Сакура», центр",Суши,4.1
94,"Кафе «Свежесть», юг",Веганская,4.7
95,Бистро «Овощной двор»,Веганская,3.2
96,Ресторан «Паста Нова»,Итальянская,3.4
97,"Бистро «Овощной двор», центр",Веганская,3.2
98,"Трактир «Теремок», центр",Русская,3.6
99,"Трактир «Хлебосольный двор», центр",Русская,4.2
100,Гриль «Бургер Лаб»,Бургеры,4.3
101,Бургерная «Котлета»,Бургеры,4.1
102,"Азия «Тайский базар», север",Азиатская,3.3
103,"Пиццерия «Маргарита», центр",Пицца,3.0
104,"Гриль «Мясной Двор», центр",Бургеры,4.0
105,"Wok-бар «Бангкок», юг",Азиатская,3.8
106,"Азия «Дракон», центр",Азиатская,4.2
107,Суши «Самурай»,Суши,4.4
108,"Пицца «Номер Один», север",Пицца,4.1
109,"Кафе «Самовар», центр",Русская,4.4
110,Бургерная «Бургер Лаб»,Бургеры,4.1
111,"Суши-бар «Токио», центр",Суши,4.3
112,"Пиццерия «Неаполь», юг",Пицца,3.6
113,"Кафе «Росток», центр",Веганская,3.9
114,"Ресторан «Бона Сера», север",Итальянская,4.1
115,"Пицца «Неаполь», центр",Пицца,4.4
116,"Ресторан «Тбилиси», юг",Грузинская,3.8
117,"Wok-бар «Бангкок», восток",Азиатская,4.3
118,"Азия «Лапша Хаус», север",Азиатская,3.9
119,"Суши-бар «Токио», север",Суши,3.9
120,"Ресторан «Бона Сера», юг",Итальянская,4.4
121,"Ресторан «Бона Сера», восток",Итальянская,3.0
122,"Траттория «Бона Сера», север",Итальянская,3.4
123,"Кафе «Самовар», север",Русская,3.3
124,"Кафе «Свежесть», восток",Веганская,3.0
125,Столовая «Старая Москва»,Русская,3.7
126,Суши «Сакура»,Суши,4.4
127,Бистро «Росток»,Веганская,3.9
128,Кафе «Теремок»,Русская,4.1
129,"Кафе «Борщ и компания», север",Русская,4.5
130,"Ресторан «Паста Нова», центр",Итальянская,4.7
131,"Пицца «Номер Один», юг",Пицца,4.0
132,Бургерная «Биг Тейсти»,Бургеры,4.7
133,"Ресторан «Рим», центр",Итальянская,4.0
134,"Кафе «Росток», север",Веганская,3.6
135,"Ресторан «Венеция», центр",Итальянская,3.7
136,"Кафе «Теремок», центр",Русская,3.3
137,"Бургерная «Биг Тейсти», центр",Бургеры,3.6
138,"Суши-бар «Сакура», север",Суши,3.8
139,Азия «Шанхай»,Азиатская,4.4
140,"Кафе «Самовар», юг",Русская,4.9
141,"Суши-бар «Самурай», север",Суши,3.3
142,"Суши-бар «Токио», юг",Суши,4.2
143,"Бургерная «Гриль Хаус», центр",Бургеры,3.5
144,"Ресторан «Бона Сера», запад",Итальянская,4.2
145,"Суши «Самурай», центр",Суши,3.9
146,"Пицца «Неаполь», север",Пицца,3.1
147,"Кафе «Эко Вкус», центр",Веганская,4.5
148,"Суши-бар «Самурай», юг",Суши,3.7
149,"Суши «Васаби», север",Суши,3.7
150,"Столовая «Старая Москва», центр",Русская,3.5
